<?xml version="1.0" encoding="UTF-8"?><server>
    <featureManager>
        <feature>jsp-2.3</feature>
        <feature>jdbc-4.1</feature>
    </featureManager>
    <authData id="DefaultNode01/DBUser-ORDERDB" password="???" user="bluadmin"/>
    <jdbcDriver id="DB2_Using_IBM_JCC_Driver_(XA)" javax.sql.DataSource="com.ibm.db2.jcc.DB2XADataSource">
        <library>
            <file name="${DB2_JCC_DRIVER_PATH}/db2jcc4.jar"/>
            <file name="${UNIVERSAL_JDBC_DRIVER_PATH}/db2jcc_license_cu.jar"/>
            <file name="${DB2_JCC_DRIVER_PATH}/db2jcc_license_cisuz.jar"/>
            <file name="${PUREQUERY_PATH}/pdq.jar"/>
            <file name="${PUREQUERY_PATH}/pdqmgmt.jar"/>
        </library>
    </jdbcDriver>
    <dataSource containerAuthDataRef="DefaultNode01/DBUser-ORDERDB" id="OrderDS" jdbcDriverRef="DB2_Using_IBM_JCC_Driver_(XA)" jndiName="jdbc/orderds">
        <properties.db2.jcc beginTranForResultSetScrollingAPIs="false" beginTranForVendorAPIs="false" connectionSharing="1" databaseName="BLUDB" enableClientInformation="false" enableMultithreadedAccessDetection="false" errorDetectionModel="ExceptionMapping" freeResourcesOnClose="false" jmsOnePhaseOptimization="false" name="OrderDS" nonTransactionalDataSource="false" portNumber="50000" preTestSQLString="SELECT CURRENT SQLID FROM SYSIBM.SYSDUMMY1" reauthentication="false" retrieveMessagesFromServerOnGetMessage="true" serverName="dashdb-txn-flex-yp-lon02-234.services.eu-gb.bluemix.net" traceLevel="-1" unbindClientRerouteListFromJndi="false" useTransactionRedirect="false" validateNewConnection="false" validateNewConnectionRetryCount="100" validateNewConnectionRetryInterval="3"/>
        <connectionManager agedTimeout="0" connectionTimeout="180" maxIdleTime="1800" maxPoolSize="10" minPoolSize="0" reapTime="180"/>
    </dataSource>
    <variable name="DB2_JCC_DRIVER_PATH" value="/demo/db2drivers"/>
    <variable name="DERBY_JDBC_DRIVER_PATH" value="${WAS_INSTALL_ROOT}/derby/lib"/>
    <variable name="UNIVERSAL_JDBC_DRIVER_PATH" value="${WAS_INSTALL_ROOT}/universalDriver/lib"/>
    <variable name="DB2_JCC_DRIVER_NATIVEPATH" value=""/>
    <variable name="DB2UNIVERSAL_JDBC_DRIVER_NATIVEPATH" value=""/>
    <variable name="PUREQUERY_PATH" value=""/>
<applicationManager autoExpand="true"/>
</server>