{
   "report": "analysis",
   "version": "1.2",
   "productVersion": "9.0",
   "productRelease": "19.0.0.5",
   "options": [
      "--sourceAppServer=was855",
      "--sourceJava=ibm6",
      "--sourceJavaEE=ee6",
      "--targetAppServer=was90",
      "--targetJava=ibm8",
      "--targetJavaEE=ee7",
      "--targetCloud=vmIBMCloud",
      "--excludePackages=com.informix,com.microsoft,com.sybase,com.sun,java,javax,net,org,oracle,sqlj,_ibmjsp",
      "--includePackages=com.ibm"
   ],
   "totalRulesFlagged": 3,
   "filesAffected": 6,
   "totalResults": 6,
   "severitySummary": [
      {
         "severity": "Warning",
         "totalRulesFlagged": 3,
         "totalResults": 6
      }
   ],
   "applications": [
      "/opt/IBM/WebSphere/AppServer/profiles/AppSrv01/config/cells/DefaultCell01/applications/CustomerOrderServiceApp.ear/CustomerOrderServiceApp.ear"
   ],
   "rules": [
      {
         "ruleName": "CDI scans for implicit beans when there is no beans.xml file",
         "ruleId": "MissingBeansFile",
         "devCost": "0",
         "severity": "Warning",
         "category": "Java EE 7 / CDI",
         "results": [
            {
               "fileName": "CustomerOrderServiceApp.ear/CustomerOrderServices-0.1.0-SNAPSHOT.jar",
               "details": [
                  {
                     "reference": null,
                     "match": ".*(\\.war|\\.jar)",
                     "lineNumber": 0
                  }
               ]
            },
            {
               "fileName": "CustomerOrderServiceApp.ear/CustomerOrderServicesWeb-0.1.0-SNAPSHOT.war",
               "details": [
                  {
                     "reference": null,
                     "match": ".*(\\.war|\\.jar)",
                     "lineNumber": 0
                  }
               ]
            },
            {
               "fileName": "CustomerOrderServiceApp.ear/CustomerOrderServicesWeb-0.1.0-SNAPSHOT.war/dojo/util/shrinksafe/js.jar",
               "details": [
                  {
                     "reference": null,
                     "match": ".*(\\.war|\\.jar)",
                     "lineNumber": 0
                  }
               ]
            },
            {
               "fileName": "CustomerOrderServiceApp.ear/CustomerOrderServicesWeb-0.1.0-SNAPSHOT.war/dojo/util/shrinksafe/shrinksafe.jar",
               "details": [
                  {
                     "reference": null,
                     "match": ".*(\\.war|\\.jar)",
                     "lineNumber": 0
                  }
               ]
            }
         ]
      },
      {
         "ruleName": "Databases",
         "ruleId": "JavaxPersistenceRule",
         "devCost": "0",
         "severity": "Warning",
         "category": "Technology connectivity considerations for IBM Cloud",
         "results": [
            {
               "fileName": "CustomerOrderServiceApp.ear/CustomerOrderServices-0.1.0-SNAPSHOT.jar/META-INF/persistence.xml",
               "details": [
                  {
                     "reference": null,
                     "match": "jta-data-source=jdbc/orderds",
                     "lineNumber": 5
                  }
               ]
            }
         ]
      },
      {
         "ruleName": "Java EE security",
         "ruleId": "ApplicationSecurityRule",
         "devCost": "0",
         "severity": "Warning",
         "category": "Technology connectivity considerations for IBM Cloud",
         "results": [
            {
               "fileName": "CustomerOrderServiceApp.ear/CustomerOrderServicesWeb-0.1.0-SNAPSHOT.war/WEB-INF/web.xml",
               "details": [
                  {
                     "reference": null,
                     "match": "security-constraint",
                     "lineNumber": 27
                  }
               ]
            }
         ]
      }
   ]
}