<?xml version="1.0" encoding="UTF-8"?><server>
<!--These elements have been identified from this application's configuration.-->
<featureManager>
<feature>appSecurity-2.0</feature>
<feature>servlet-3.1</feature>
</featureManager>
<httpEndpoint host="*" httpPort="9080" httpsPort="9443" id="defaultHttpEndpoint"/>
<authData id="DefaultNode01/DBUser-ORDERDB" password="???" user="bluadmin"/>
<jdbcDriver id="DB2_Using_IBM_JCC_Driver_(XA)" javax.sql.DataSource="com.ibm.db2.jcc.DB2XADataSource">
        <library>
<!-- <file name="${DB2_JCC_DRIVER_PATH}/db2jcc4.jar"/> -->
            <file name="${shared.config.dir}/lib/global/db2jcc4.jar"/>
<!-- <file name="${UNIVERSAL_JDBC_DRIVER_PATH}/db2jcc_license_cu.jar"/> -->
            <file name="${shared.config.dir}/lib/global/db2jcclicensecu.jar"/>
<!-- <file name="${DB2_JCC_DRIVER_PATH}/db2jcc_license_cisuz.jar"/> -->
            <file name="${shared.config.dir}/lib/global/db2jcclicensecisuz.jar"/>
<!-- <file name="${PUREQUERY_PATH}/pdq.jar"/> -->
            <file name="${shared.config.dir}/lib/global/pdq.jar"/>
<!-- <file name="${PUREQUERY_PATH}/pdqmgmt.jar"/> -->
            <file name="${shared.config.dir}/lib/global/pdqmgmt.jar"/>
        </library>
    </jdbcDriver>
<!-- <variable name="DB2_JCC_DRIVER_PATH" value="/demo/db2drivers"/> -->
<dataSource containerAuthDataRef="DefaultNode01/DBUser-ORDERDB" id="OrderDS" jdbcDriverRef="DB2_Using_IBM_JCC_Driver_(XA)" jndiName="jdbc/orderds">
        <properties.db2.jcc beginTranForResultSetScrollingAPIs="false" beginTranForVendorAPIs="false" connectionSharing="1" databaseName="BLUDB" enableClientInformation="false" enableMultithreadedAccessDetection="false" errorDetectionModel="ExceptionMapping" freeResourcesOnClose="false" jmsOnePhaseOptimization="false" name="OrderDS" nonTransactionalDataSource="false" portNumber="50000" preTestSQLString="SELECT CURRENT SQLID FROM SYSIBM.SYSDUMMY1" reauthentication="false" retrieveMessagesFromServerOnGetMessage="true" serverName="dashdb-txn-flex-yp-lon02-234.services.eu-gb.bluemix.net" traceLevel="-1" unbindClientRerouteListFromJndi="false" useTransactionRedirect="false" validateNewConnection="false" validateNewConnectionRetryCount="100" validateNewConnectionRetryInterval="3"/>
        <connectionManager agedTimeout="0" connectionTimeout="180" maxIdleTime="1800" maxPoolSize="10" minPoolSize="0" reapTime="180"/>
    </dataSource>
<!-- <variable name="DERBY_JDBC_DRIVER_PATH" value="${WAS_INSTALL_ROOT}/derby/lib"/> -->
<variable name="DB2_JCC_DRIVER_PATH" value="${shared.config.dir}/lib/global"/>
<!-- <variable name="UNIVERSAL_JDBC_DRIVER_PATH" value="${WAS_INSTALL_ROOT}/universalDriver/lib"/> -->
<variable name="DERBY_JDBC_DRIVER_PATH" value="${shared.config.dir}/lib/global"/>
<!-- <variable name="DB2_JCC_DRIVER_NATIVEPATH" value=""/> -->
<variable name="UNIVERSAL_JDBC_DRIVER_PATH" value="${shared.config.dir}/lib/global"/>
<!-- <variable name="DB2UNIVERSAL_JDBC_DRIVER_NATIVEPATH" value=""/> -->
<variable name="DB2_JCC_DRIVER_NATIVEPATH" value="${shared.config.dir}/lib/global"/>
<!-- <variable name="PUREQUERY_PATH" value=""/> -->
<variable name="DB2UNIVERSAL_JDBC_DRIVER_NATIVEPATH" value="${shared.config.dir}/lib/global"/>
<variable name="PUREQUERY_PATH" value="${shared.config.dir}/lib/global"/>
<applicationManager autoExpand="true"/>
</server>