{
   "report": "inventory",
   "version": "2.4",
   "productVersion": "9.0",
   "productRelease": "19.0.0.5",
   "options": [
   ],
   "applications": [
      "/opt/IBM/WebSphere/AppServer/profiles/AppSrv01/config/cells/DefaultCell01/applications/CustomerOrderServiceApp.ear/CustomerOrderServiceApp.ear"
   ],
   "sharedLibraries": [
   ],
   "archives": {
      "ears": 1,
      "wars": 1,
      "rars": 0,
      "ejbs": 1,
      "webFragments": 0,
      "utilityJars": 2,
      "appClients": 0
   },
   "summary": {
      "servlets": 1,
      "jsps": 0,
      "jpaEntities": 7,
      "bmpEntityBeans": 0,
      "cmpEntityBeans": 0,
      "messageDrivenBeans": 0,
      "singletonSessionBeans": 0,
      "statefulSessionBeans": 0,
      "statelessSessionBeans": 2,
      "jaxrpcConsumers": 0,
      "jaxrpcProviders": 0,
      "jaxrsConsumers": 0,
      "jaxrsProviders": 3,
      "jaxwsConsumers": 0,
      "jaxwsProviders": 0
   },
   "archiveInventory": [
      {
         "archiveName": "/opt/IBM/WebSphere/AppServer/profiles/AppSrv01/config/cells/DefaultCell01/applications/CustomerOrderServiceApp.ear/CustomerOrderServiceApp.ear",
         "moduleType": "Enterprise archive",
         "moduleVersion": "5",
         "metadataComplete": null,
         "moduleSize": 17678740,
         "archives": {
            "wars": 1,
            "rars": 0,
            "ejbs": 1,
            "utilityJars": 2,
            "appClients": 0
         },
         "summary": {
            "servlets": 1,
            "jsps": 0,
            "jpaEntities": 7,
            "bmpEntityBeans": 0,
            "cmpEntityBeans": 0,
            "messageDrivenBeans": 0,
            "singletonSessionBeans": 0,
            "statefulSessionBeans": 0,
            "statelessSessionBeans": 2,
            "jaxrpcConsumers": 0,
            "jaxrpcProviders": 0,
            "jaxrsConsumers": 0,
            "jaxrsProviders": 3,
            "jaxwsConsumers": 0,
            "jaxwsProviders": 0
         },
         "potentialDeploymentProblemsSummary": {
            "archivesContainingDuplicateClasses": 0,
            "archivesContainingJavaEEorSEClasses": 0,
            "archivesContainingConflictingOpenSourceSoftwareClasses": 0,
            "archivesContainingWebSphereClasses": 0,
            "archivesNotReferencedInTheApplication": 2,
            "archivesWithMissingDependenciesInTheApplication": 3,
            "classesWithSystemLevelJVMConfiguration": 0,
            "sharedLibrariesReferencingApplicationClasses": 0
         },
         "potentialDeploymentProblemsDetails": [
            {
               "duplicateClassesWithinClassLoader": [
               ]
            },
            {
               "duplicateClassesAcrossApplication": [
               ]
            },
            {
               "javaEEandSEClasses": [
               ]
            },
            {
               "duplicateWebSphereClasses": [
               ]
            },
            {
               "openSourceSoftwareClasses": [
               ]
            },
            {
               "archivesNotReferenced": [
                  {
                     "archive": "CustomerOrderServicesWeb-0.1.0-SNAPSHOT.war/dojo/util/shrinksafe/js.jar",
                     "referencedBy": "CustomerOrderServicesWeb-0.1.0-SNAPSHOT.war/dojo/util/shrinksafe/shrinksafe.jar"
                  },
                  {
                     "archive": "CustomerOrderServicesWeb-0.1.0-SNAPSHOT.war/dojo/util/shrinksafe/shrinksafe.jar",
                     "referencedBy": ""
                  }
               ]
            },
            {
               "missingDependencies": [
                  {
                     "missingDependencies": [
                        "com.ibm.json.java",
                        "org.codehaus.jackson.jaxrs"
                     ],
                     "archive": [
                        "CustomerOrderServicesWeb-0.1.0-SNAPSHOT.war"
                     ]
                  },
                  {
                     "missingDependencies": [
                        "org.apache.xmlbeans"
                     ],
                     "archive": [
                        "CustomerOrderServicesWeb-0.1.0-SNAPSHOT.war/dojo/util/shrinksafe/js.jar"
                     ]
                  },
                  {
                     "missingDependencies": [
                        "org.codehaus.jackson.annotate"
                     ],
                     "archive": [
                        "CustomerOrderServices-0.1.0-SNAPSHOT.jar"
                     ]
                  }
               ]
            },
            {
               "classesWithSystemLevelJVMConfiguration": [
               ]
            },
            {
               "sharedLibraryDependencies": [
               ]
            }
         ],
         "performanceConsiderations": {
            "archivesThatAreCandidatesForMetadataCompleteTrueAttribute": [
            ],
            "webModulesWithExcessiveClassFiles": [
            ],
            "webModulesWithExcessiveStaticResources": [
            ]
         },
         "containedArchiveInventory": [
            {
               "archiveName": "/opt/IBM/WebSphere/AppServer/profiles/AppSrv01/config/cells/DefaultCell01/applications/CustomerOrderServiceApp.ear/CustomerOrderServiceApp.ear/CustomerOrderServices-0.1.0-SNAPSHOT.jar",
               "moduleType": "EJB module",
               "moduleVersion": null,
               "metadataComplete": "Unspecified",
               "summary": {
                  "servlets": 0,
                  "jsps": 0,
                  "jpaEntities": 7,
                  "bmpEntityBeans": 0,
                  "cmpEntityBeans": 0,
                  "messageDrivenBeans": 0,
                  "singletonSessionBeans": 0,
                  "statefulSessionBeans": 0,
                  "statelessSessionBeans": 2,
                  "jaxrpcConsumers": 0,
                  "jaxrpcProviders": 0,
                  "jaxrsConsumers": 0,
                  "jaxrsProviders": 0,
                  "jaxwsConsumers": 0,
                  "jaxwsProviders": 0
               }
            },
            {
               "archiveName": "/opt/IBM/WebSphere/AppServer/profiles/AppSrv01/config/cells/DefaultCell01/applications/CustomerOrderServiceApp.ear/CustomerOrderServiceApp.ear/CustomerOrderServicesWeb-0.1.0-SNAPSHOT.war",
               "moduleType": "Web module",
               "moduleVersion": "3.0",
               "metadataComplete": "Unspecified",
               "archives": {
                  "ejbs": 0,
                  "webFragments": 0,
                  "utilityJars": 2
               },
               "summary": {
                  "servlets": 1,
                  "jsps": 0,
                  "jpaEntities": 0,
                  "bmpEntityBeans": 0,
                  "cmpEntityBeans": 0,
                  "messageDrivenBeans": 0,
                  "singletonSessionBeans": 0,
                  "statefulSessionBeans": 0,
                  "statelessSessionBeans": 0,
                  "jaxrpcConsumers": 0,
                  "jaxrpcProviders": 0,
                  "jaxrsConsumers": 0,
                  "jaxrsProviders": 3,
                  "jaxwsConsumers": 0,
                  "jaxwsProviders": 0
               },
               "containedArchiveInventory": [
                  {
                     "archiveName": "/opt/IBM/WebSphere/AppServer/profiles/AppSrv01/config/cells/DefaultCell01/applications/CustomerOrderServiceApp.ear/CustomerOrderServiceApp.ear/CustomerOrderServicesWeb-0.1.0-SNAPSHOT.war/dojo/util/shrinksafe/js.jar",
                     "moduleType": "Utility JAR",
                     "containedPackages": [
                        "org.mozilla.classfile",
                        "org.mozilla.javascript"
                     ]
                  },
                  {
                     "archiveName": "/opt/IBM/WebSphere/AppServer/profiles/AppSrv01/config/cells/DefaultCell01/applications/CustomerOrderServiceApp.ear/CustomerOrderServiceApp.ear/CustomerOrderServicesWeb-0.1.0-SNAPSHOT.war/dojo/util/shrinksafe/shrinksafe.jar",
                     "moduleType": "Utility JAR",
                     "containedPackages": [
                        "org.dojotoolkit.shrinksafe"
                     ]
                  }
               ]
            }
         ]
      }
   ],
   "sharedLibraryDetails": [
   ]
}